"id","user_username","alamat","kota","nama_penerima","total","voucher_id","grand_total","harga_jne","cara_jne","kode_jne","tipe_pembayaran","kode_pembayaran","tanggal_create","tanggal_update","status"
"1","mchapman0","849 Sunbrook Hill","District of Columbia","Mary Chapman","800258","4","469157","72126","JNE CTC","PK74 JJXC ZRC6 C8BY UNND JI6X","transfer","USD","2014-01-16 00:00:00","2012-07-07 11:01:39","0"
"2","cgriffin1","7 Bunting Junction","California","Charles Griffin","985168","3","745460","15439","JNE OKE","EE74 5190 0137 6878 5670","paypal","USD","2011-08-27 00:00:00","2014-03-10 03:57:35","0"
"3","sfoster2","047 Warner Pass","South Carolina","Susan Foster","431857","2","489824","61138","JNE OKE","BG47 EPPL 0182 45FZ 7GLL GI","cod","USD","2010-10-15 00:00:00","2015-09-16 17:40:10","1"
"4","gstanley3","1241 Michigan Point","Texas","Gerald Stanley","204516","3","753799","51881","JNE CTC","BH60 YBEG YGA8 NYMO 0M3D XI","cod","USD","2014-04-11 00:00:00","2015-03-14 15:42:06","0"
"5","cmason4","20 Golf View Trail","Iowa","Christopher Mason","721729","2","297270","35481","JNE REG","AT27 9701 9950 1805 3354","paypal","USD","2010-08-07 00:00:00","2012-04-09 16:32:20","0"
"6","lflores5","828 Sheridan Court","Nevada","Lori Flores","182378","4","207054","64623","JNE OKE","FR74 2147 3466 09QT UVED WQB5 L91","transfer","USD","2014-09-13 00:00:00","2011-01-27 23:13:45","0"
"7","rriley6","0 Red Cloud Place","Minnesota","Ryan Riley","624836","3","421355","62217","JNE CTC","FO64 8971 3761 4137 32","transfer","USD","2011-08-14 00:00:00","2011-04-02 21:41:58","1"
"8","abishop7","66699 Veith Court","New York","Aaron Bishop","352205","3","878836","7066","JNE CTCSPS","GI25 GOEV QRXK UEXY AFFS LD5","cod","USD","2010-06-21 00:00:00","2010-01-17 15:55:50","1"
"9","sjohnston8","99 Hanover Road","Minnesota","Steven Johnston","468883","4","699916","32771","JNE OKE","FR08 9221 6822 68QC CB9U CZTG D20","debit","USD","2014-11-02 00:00:00","2010-10-20 14:45:45","0"
"10","msmith9","9870 Almo Junction","California","Mary Smith","358830","4","273827","55230","JNE OKE","FR22 6531 1235 00WC KWAA CYTV K55","transfer","USD","2014-02-11 00:00:00","2012-11-01 15:00:03","0"
"11","cdanielsa","5187 Bayside Pass","Washington","Cynthia Daniels","404362","4","776727","19306","JNE REG","SA80 87RM DB2H 0WYO FQZA Y4WB","cod","USD","2013-11-18 00:00:00","2014-12-09 14:46:01","0"
"12","mmccoyb","631 Jenna Avenue","Ohio","Martha Mccoy","297585","2","979709","35418","JNE CTCSPS","GR23 3051 959E JSAB U2P8 EQN6 X25","transfer","USD","2010-04-27 00:00:00","2010-01-17 15:01:14","1"
"13","arodriguezc","0 Manitowish Alley","Kansas","Andrea Rodriguez","240764","2","587038","31413","JNE OKE","FR04 8305 9769 96KV D78P DTUP R14","cod","USD","2011-04-17 00:00:00","2014-08-11 16:54:06","0"
"14","tcoled","88549 Heath Drive","Delaware","Tina Cole","708859","1","324322","7151","JNE CTC","TR80 5543 7H40 68GL JBJQ 4HEB F0","debit","USD","2013-06-02 00:00:00","2012-05-10 03:25:22","1"
"15","araye","819 Sherman Junction","Ohio","Alan Ray","189165","2","351487","62244","JNE OKE","FR85 8321 3771 67VW WPUU DJKI D41","cod","USD","2013-01-10 00:00:00","2015-07-15 23:44:37","0"
"16","smarshallf","065 Mitchell Court","Georgia","Sarah Marshall","596020","3","403169","56503","JNE CTC","HU33 2581 9950 3300 9028 3221 5921","debit","USD","2011-03-30 00:00:00","2010-05-22 01:42:40","1"
"17","jgeorgeg","771 Oriole Court","Alaska","James George","704306","3","177274","26754","JNE REG","BH70 LWLC P3GC 6GXY AP3C JC","kartu kredit","USD","2010-02-11 00:00:00","2010-05-07 10:47:05","0"
"18","lharrish","64745 Fordem Terrace","California","Lillian Harris","213187","4","265058","45375","JNE REG","ES20 0781 2243 3160 1654 6683","cod","USD","2011-01-16 00:00:00","2010-02-07 21:26:14","0"
"19","dgrayi","5 Fisk Street","California","Diana Gray","354371","2","595166","61969","JNE REG","GL62 7702 5557 3320 09","cod","USD","2012-05-05 00:00:00","2012-10-25 01:46:01","1"
"20","tcarrollj","5741 Forest Alley","Texas","Timothy Carroll","388553","1","943186","22569","JNE CTCSPS","FI17 9218 9686 3569 93","debit","USD","2013-06-13 00:00:00","2014-04-29 20:16:21","0"
"21","bchavezk","47077 Cottonwood Street","California","Brenda Chavez","797159","4","630302","53360","JNE CTCSPS","PL03 2411 2576 1284 7370 8763 5525","kartu kredit","USD","2015-09-24 00:00:00","2013-09-21 11:03:18","0"
"22","rberryl","0052 Ohio Trail","North Carolina","Raymond Berry","675165","4","384381","14977","JNE CTCSPS","BG29 RQMW 6394 69IM ZYRH PJ","cod","USD","2013-07-23 00:00:00","2012-09-25 10:11:33","0"
"23","joliverm","4 Lunder Terrace","Illinois","Jerry Oliver","721512","2","952299","58143","JNE REG","DE54 0990 1602 7425 6964 33","paypal","USD","2012-07-11 00:00:00","2011-05-02 01:30:49","0"
"24","jcoopern","81377 Talisman Park","Florida","Joseph Cooper","585917","3","889717","6948","JNE OKE","RS78 7949 7153 8746 5246 67","paypal","USD","2015-07-06 00:00:00","2010-05-28 22:31:03","0"
"25","jtorreso","353 Oxford Drive","Wisconsin","Jimmy Torres","933160","3","753150","39422","JNE REG","AT23 5578 8852 3206 4896","cod","USD","2013-04-02 00:00:00","2012-01-24 17:36:16","0"
"26","sburnsp","06550 Oneill Court","Ohio","Stephen Burns","789458","2","722578","23415","JNE REG","SA90 02BN YDE7 BVSN 9CEJ ISTS","transfer","USD","2011-11-21 00:00:00","2013-11-29 15:39:46","1"
"27","kwilliamsonq","7 Mallory Terrace","North Carolina","Kathleen Williamson","984167","1","922988","97186","JNE CTC","TN74 7680 7665 2207 3647 4654","kartu kredit","USD","2013-08-24 00:00:00","2015-04-10 16:29:32","0"
"28","hdavisr","586 Tennessee Street","New Mexico","Howard Davis","911529","3","555059","59695","JNE REG","MU79 EULB 3858 2850 9639 0415 995M FI","kartu kredit","USD","2011-05-24 00:00:00","2015-09-01 11:13:47","1"
"29","bpalmers","8 Burrows Junction","New York","Bonnie Palmer","234633","2","665448","23980","JNE REG","BA81 1912 6842 4279 4288","cod","USD","2011-09-15 00:00:00","2010-01-04 22:28:38","1"
"30","asimmonst","13 Haas Road","Arkansas","Ann Simmons","489891","2","541243","41366","JNE REG","EE51 7378 0709 6865 4699","paypal","USD","2015-03-25 00:00:00","2011-09-19 21:03:10","1"
"31","nmendozau","78147 Sunfield Street","District of Columbia","Nicholas Mendoza","928750","2","215391","35087","JNE REG","CH02 8350 8EBP J6SC 1TB7 H","transfer","USD","2011-09-08 00:00:00","2011-02-20 06:01:14","1"
"32","dshawv","853 Express Place","Texas","Diana Shaw","830466","2","558212","19763","JNE CTCSPS","LV49 YDTM ARBG LD6R WFL1 4","cod","USD","2013-06-27 00:00:00","2015-12-11 01:36:52","0"
"33","sharveyw","2864 Hansons Way","Texas","Susan Harvey","950160","4","690909","28378","JNE CTCSPS","MR85 3219 4007 8567 9892 3969 486","debit","USD","2015-11-19 00:00:00","2015-03-18 22:12:46","0"
"34","whallx","13853 Mccormick Pass","Kentucky","Wanda Hall","317559","3","492790","34265","JNE OKE","GI96 HWEE 7Q5I BSE5 IYLI MBE","debit","USD","2012-06-09 00:00:00","2015-12-28 04:37:55","1"
"35","jweavery","8 Summerview Park","Georgia","Jimmy Weaver","178273","3","594438","55259","JNE CTCSPS","LV76 ERHH G3ZB BFAR MP8V X","paypal","USD","2013-03-06 00:00:00","2015-04-13 15:27:32","0"
"36","alopezz","4 Clove Junction","Nevada","Alice Lopez","164914","2","999003","17306","JNE CTC","GR72 4837 2851 HVBQ DWOI WWOH QJD","cod","USD","2012-07-09 00:00:00","2015-04-01 12:53:18","1"
"37","rtaylor10","19308 Charing Cross Plaza","Hawaii","Ralph Taylor","628419","1","658605","83851","JNE REG","BG52 CDTN 4598 68YC TU97 WZ","paypal","USD","2010-09-30 00:00:00","2015-03-15 07:15:05","1"
"38","krivera11","2809 Pleasure Drive","Alabama","Kevin Rivera","712784","4","330558","82862","JNE OKE","BG76 LVUJ 1960 832B T4WK Y0","debit","USD","2011-03-25 00:00:00","2015-01-31 12:04:08","0"
"39","kmills12","3 Pierstorff Way","California","Karen Mills","417559","1","865840","39951","JNE CTC","GL02 6016 2778 6646 57","kartu kredit","USD","2015-05-25 00:00:00","2014-10-13 19:15:10","1"
"40","sgarcia13","660 Lerdahl Plaza","New York","Samuel Garcia","331602","1","719762","50722","JNE REG","AE88 0762 3729 4672 4421 367","paypal","USD","2010-05-26 00:00:00","2015-02-20 15:12:53","0"
"41","rdavis14","2289 Moland Court","Ohio","Rachel Davis","792821","4","756735","89892","JNE CTCSPS","FR36 1899 2110 2619 1MBN DCD3 V94","kartu kredit","USD","2015-07-24 00:00:00","2011-02-22 13:16:20","1"
"42","sking15","46658 Evergreen Plaza","Georgia","Sara King","497310","1","776381","82833","JNE OKE","FR08 1058 4070 528E 2GIF 53S4 T53","debit","USD","2012-10-19 00:00:00","2010-04-26 17:59:10","0"
"43","aholmes16","9413 Buhler Avenue","Louisiana","Annie Holmes","224960","3","551946","46457","JNE CTC","PS16 RJOD 845A QRQU NK1K IVQN ZXMK Z","paypal","USD","2011-01-03 00:00:00","2015-09-02 19:50:25","1"
"44","amorris17","05701 Gateway Terrace","Arizona","Ashley Morris","620003","1","627231","11341","JNE CTC","BA75 5101 5981 3016 5788","kartu kredit","USD","2014-12-02 00:00:00","2014-10-16 06:06:41","0"
"45","droberts18","82683 Amoth Terrace","Missouri","Diane Roberts","847586","4","492493","7038","JNE CTC","FR80 0179 8448 632F E3HG JAVX D76","transfer","USD","2014-09-09 00:00:00","2014-07-17 08:07:11","1"
"46","fbanks19","67 Monument Center","Pennsylvania","Fred Banks","946145","3","155022","62128","JNE CTC","FR75 3723 6237 858R PUHL PEHU 896","transfer","USD","2011-04-17 00:00:00","2015-06-08 11:26:04","0"
"47","jsims1a","4342 Pleasure Plaza","Texas","Joyce Sims","181718","2","923670","26086","JNE OKE","IL36 4995 0590 0721 4737 011","debit","USD","2010-03-11 00:00:00","2014-07-18 18:47:24","1"
"48","pjones1b","76 Kedzie Drive","Utah","Phillip Jones","884871","4","822193","39834","JNE OKE","IT82 B892 0013 102S A5AF Z6YX V63","transfer","USD","2013-12-04 00:00:00","2012-06-29 05:28:21","1"
"49","dmeyer1c","60 Hermina Crossing","New York","Doris Meyer","390016","2","508874","24284","JNE REG","AZ37 GJSL VGBK VNWP EJEV K824 CGDD","paypal","USD","2010-08-31 00:00:00","2011-10-17 15:17:36","0"
"50","jwagner1d","6969 Green Ridge Point","Iowa","Joe Wagner","143769","4","168044","22111","JNE CTCSPS","NL93 ARGP 3653 2345 45","transfer","USD","2012-11-21 00:00:00","2011-07-08 04:49:49","1"
"51","dsims1e","1 Lindbergh Drive","Texas","Denise Sims","246253","3","491790","39388","JNE CTC","SE49 0713 6331 7409 0838 6572","cod","USD","2011-01-14 00:00:00","2013-05-18 21:03:18","0"
"52","jshaw1f","1 Sugar Hill","Texas","Jane Shaw","735365","4","925396","72846","JNE CTC","NO91 5693 9466 621","cod","USD","2013-12-15 00:00:00","2015-10-06 15:49:33","1"
"53","lsanchez1g","1 Golden Leaf Lane","California","Larry Sanchez","920545","3","162554","68993","JNE REG","FR49 9309 8373 48JO WB3C MM3M D44","kartu kredit","USD","2012-01-19 00:00:00","2010-01-09 13:26:50","0"
"54","asmith1h","91 Johnson Plaza","Ohio","Amanda Smith","170547","1","469170","84774","JNE OKE","IT07 O941 5504 008G TRGB 4YLK LPR","cod","USD","2014-02-18 00:00:00","2011-07-31 10:38:50","1"
"55","kfreeman1i","5003 Bayside Alley","Pennsylvania","Kathleen Freeman","891386","1","813464","81511","JNE OKE","SA21 71W2 RX9L E7BS ERRI DF1Z","kartu kredit","USD","2015-05-07 00:00:00","2014-05-05 05:37:34","1"
"56","dmorgan1j","45 Hoffman Court","Missouri","David Morgan","436104","3","291983","85758","JNE CTC","FR08 5582 2411 72PU 0P93 HHSE H32","kartu kredit","USD","2011-06-16 00:00:00","2010-12-24 10:20:17","0"
"57","crichardson1k","4329 Darwin Alley","Alabama","Chris Richardson","189891","1","415088","88035","JNE CTC","PS03 KDLF D65H P3YB CC2F PMTZ IMWK S","cod","USD","2015-07-28 00:00:00","2010-05-01 12:04:35","1"
"58","dwatkins1l","52 Morrow Drive","District of Columbia","Dorothy Watkins","506738","1","730573","59090","JNE OKE","SM54 F222 7129 626Y XFJJ GYCJ GNP","transfer","USD","2010-03-03 00:00:00","2014-03-05 12:28:39","0"
"59","ewilliamson1m","282 Dayton Parkway","Indiana","Edward Williamson","409308","2","777732","17186","JNE OKE","FR83 4822 4225 38AG HRHK MCSH Y94","debit","USD","2010-02-28 00:00:00","2011-11-22 07:27:28","1"
"60","idaniels1n","130 Clyde Gallagher Park","Ohio","Irene Daniels","399587","3","436282","33038","JNE OKE","FR57 7482 7357 78WD UJQL MCCM Z28","cod","USD","2015-08-26 00:00:00","2013-11-18 03:40:44","1"
"61","gcollins1o","979 Sycamore Crossing","Washington","Gloria Collins","988506","1","836475","13166","JNE CTC","GI91 UDIL ATMY CII4 BTFR X3J","paypal","USD","2014-04-22 00:00:00","2010-09-23 22:10:08","0"
"62","rthompson1p","266 Karstens Avenue","New Mexico","Raymond Thompson","734718","1","755535","97474","JNE CTCSPS","ME68 2513 3489 1275 7177 58","paypal","USD","2011-05-15 00:00:00","2015-03-13 18:09:13","0"
"63","jflores1q","3 Hoffman Avenue","Arizona","James Flores","427371","4","209898","77384","JNE CTCSPS","MC67 7883 3689 62JD NJ68 YFWL 923","paypal","USD","2014-06-08 00:00:00","2012-02-07 03:09:13","1"
"64","lelliott1r","7 Bartelt Circle","Maryland","Lawrence Elliott","376697","4","573329","69370","JNE CTCSPS","SK84 0515 6820 6533 3765 8763","cod","USD","2010-11-17 00:00:00","2010-02-24 07:15:53","1"
"65","rbarnes1s","98503 Shopko Center","Indiana","Rachel Barnes","780403","3","508724","57771","JNE OKE","SE73 8168 1469 2270 6293 2486","transfer","USD","2010-08-10 00:00:00","2015-07-15 13:38:15","1"
"66","mchapman1t","873 Nobel Lane","Oklahoma","Mary Chapman","401200","4","915087","39960","JNE CTCSPS","FR73 1167 9450 89Z5 J08N IUNT F69","transfer","USD","2012-05-29 00:00:00","2010-03-11 14:54:55","0"
"67","hbrooks1u","967 Hudson Place","New York","Harry Brooks","536202","3","970625","49711","JNE REG","FR22 6020 4801 592M 5MFE T5UX J85","kartu kredit","USD","2014-07-26 00:00:00","2010-11-27 06:16:56","1"
"68","hlarson1v","86 Florence Hill","Nebraska","Harold Larson","733128","3","535083","33196","JNE CTC","CY98 8008 4262 FJJY VDLC AITS BAQH","paypal","USD","2012-09-11 00:00:00","2010-09-26 11:02:32","0"
"69","dstone1w","81 Mallard Avenue","Texas","Douglas Stone","870252","2","335335","72833","JNE REG","FR94 9262 1019 04LI 8TDH PKVI 691","kartu kredit","USD","2010-03-22 00:00:00","2011-04-11 14:38:26","0"
"70","breid1x","95 Melrose Terrace","California","Brenda Reid","509858","2","309759","24794","JNE OKE","FI76 4938 3653 5890 56","debit","USD","2011-10-16 00:00:00","2012-10-28 23:47:18","0"
"71","sparker1y","71198 Melvin Avenue","Georgia","Stephen Parker","900130","1","221542","83883","JNE CTC","BG52 VMVI 6967 05MI YH6B 8G","transfer","USD","2012-11-25 00:00:00","2014-12-26 15:16:38","0"
"72","pgray1z","4416 Talmadge Avenue","Florida","Patricia Gray","811085","2","939349","31643","JNE OKE","NO04 8626 4081 678","transfer","USD","2011-11-09 00:00:00","2012-09-08 20:14:11","1"
"73","abailey20","45372 Gale Circle","Kentucky","Anthony Bailey","592452","3","969848","17565","JNE CTC","BG33 WSIH 4953 890F U99N IW","kartu kredit","USD","2015-07-17 00:00:00","2011-03-27 01:01:41","1"
"74","bgilbert21","7 Amoth Way","New York","Betty Gilbert","974707","3","228174","18445","JNE OKE","LI23 0670 4WBY N1M9 AXI0 4","cod","USD","2015-01-14 00:00:00","2011-05-15 02:17:41","1"
"75","rgeorge22","9508 Trailsway Parkway","Louisiana","Robin George","863486","2","871906","30934","JNE CTC","LU51 724I AJNA TT0G 9RVS","cod","USD","2013-05-28 00:00:00","2013-12-05 10:28:22","1"
"76","tbanks23","01 Main Point","Alabama","Tammy Banks","452834","3","658209","34716","JNE CTCSPS","FR39 6294 0218 612I GM5C XTTI T01","kartu kredit","USD","2012-08-29 00:00:00","2010-12-31 14:06:23","0"
"77","jellis24","809 Tomscot Plaza","Oregon","Joshua Ellis","307085","4","734808","69729","JNE CTC","NO35 4074 0083 315","kartu kredit","USD","2012-09-06 00:00:00","2011-12-28 14:31:30","1"
"78","jroberts25","5172 Manley Way","California","Juan Roberts","967902","2","349929","40252","JNE CTC","FR07 7197 9536 94M2 ZCRY BEUB N92","transfer","USD","2015-05-26 00:00:00","2010-05-17 13:13:17","1"
"79","twheeler26","444 Bonner Trail","Florida","Thomas Wheeler","648964","4","700207","92463","JNE CTCSPS","GI45 FYAL TOY3 VPM5 8QH8 CJY","kartu kredit","USD","2015-05-25 00:00:00","2014-10-12 11:09:32","0"
"80","nruiz27","0921 Chinook Crossing","Minnesota","Nicholas Ruiz","161518","2","498048","16672","JNE CTCSPS","MD38 2VEO 1UDI 39VX G2DV AZZC","debit","USD","2014-05-27 00:00:00","2012-05-25 22:35:20","0"
"81","slynch28","7257 Fremont Circle","Florida","Sandra Lynch","525394","4","482498","8755","JNE CTCSPS","SA28 55TK 3FWQ KBER DS6Y JO4I","paypal","USD","2014-12-18 00:00:00","2012-06-07 15:52:03","1"
"82","rbell29","7911 Village Green Court","Minnesota","Ralph Bell","963400","1","868327","96400","JNE REG","AE46 9104 6992 8846 9113 766","kartu kredit","USD","2014-01-16 00:00:00","2014-12-03 21:25:31","1"
"83","dramirez2a","65 Johnson Circle","Florida","Debra Ramirez","238698","3","585424","72079","JNE CTC","CZ18 0712 2419 0491 2146 7294","debit","USD","2011-04-16 00:00:00","2014-03-26 18:47:38","0"
"84","jsanchez2b","9700 Del Sol Place","New York","Julia Sanchez","171494","3","505468","18995","JNE CTCSPS","FR43 2969 6677 19PY EDUG 84UZ P88","kartu kredit","USD","2013-09-13 00:00:00","2010-04-22 18:01:28","1"
"85","mandrews2c","1918 Burning Wood Junction","Georgia","Margaret Andrews","796378","4","670777","83006","JNE CTCSPS","GE30 YO63 3891 0696 2540 29","kartu kredit","USD","2012-08-25 00:00:00","2013-06-30 00:21:44","1"
"86","maustin2d","99 Twin Pines Place","Washington","Marilyn Austin","244175","3","449226","17772","JNE OKE","FO24 3064 9028 8852 78","cod","USD","2013-08-28 00:00:00","2015-10-21 10:16:12","1"
"87","awheeler2e","2235 Gulseth Crossing","Arkansas","Angela Wheeler","804196","4","925209","64917","JNE REG","HU81 7069 8525 1874 3327 8093 8248","transfer","USD","2015-01-25 00:00:00","2012-05-14 11:41:53","1"
"88","tgardner2f","7523 Morningstar Point","Maryland","Todd Gardner","970536","4","416502","62555","JNE OKE","TR35 6457 9ZHS YKLL UAFH A2QB BH","kartu kredit","USD","2011-09-20 00:00:00","2011-01-17 16:30:37","0"
"89","jnichols2g","6 Waywood Trail","North Carolina","Jonathan Nichols","961277","1","870244","92483","JNE CTC","DK19 4370 4209 4103 79","debit","USD","2015-05-28 00:00:00","2014-09-09 19:59:32","1"
"90","kpeterson2h","6 Monica Terrace","California","Kimberly Peterson","112349","3","691918","61754","JNE REG","NO18 9091 9456 552","cod","USD","2014-03-06 00:00:00","2012-08-30 04:25:06","1"
"91","drose2i","9103 Boyd Street","Texas","Donald Rose","806726","4","670770","71801","JNE CTC","DK12 1281 2676 0646 16","kartu kredit","USD","2010-05-07 00:00:00","2010-02-27 01:50:41","0"
"92","cwalker2j","49828 Briar Crest Junction","Minnesota","Charles Walker","735677","1","156728","30745","JNE REG","FR98 4818 8326 5762 22BY LH0I K82","cod","USD","2014-09-02 00:00:00","2014-05-26 22:22:50","0"
"93","gcooper2k","5234 John Wall Plaza","Alabama","George Cooper","183134","1","598212","29859","JNE CTCSPS","FR53 0351 0471 134J D5CR NX0E X20","cod","USD","2013-09-10 00:00:00","2013-01-19 19:47:44","0"
"94","rburns2l","248 Cambridge Crossing","Washington","Ronald Burns","323003","2","288377","42716","JNE CTCSPS","AD70 6818 3947 H1PA 6Z6S C14U","paypal","USD","2012-09-02 00:00:00","2014-06-17 03:09:48","1"
"95","istewart2m","7026 Basil Crossing","California","Irene Stewart","707288","2","355870","47534","JNE OKE","DK92 5962 6149 0416 09","paypal","USD","2014-06-11 00:00:00","2014-12-02 21:14:05","1"
"96","bcastillo2n","4168 Pearson Trail","California","Brian Castillo","330760","3","352390","48650","JNE CTC","IE13 KNOM 8936 5104 7312 48","debit","USD","2014-03-13 00:00:00","2011-06-26 08:14:54","0"
"97","ndean2o","8595 Summerview Drive","Pennsylvania","Nicole Dean","622304","1","531819","7464","JNE CTCSPS","GE05 JW96 3085 6109 9068 10","kartu kredit","USD","2012-05-07 00:00:00","2010-10-13 12:22:12","1"
"98","cmyers2p","19748 Chive Alley","Washington","Christina Myers","634785","1","676291","96631","JNE CTC","FR95 0526 3842 08TJ UDWT VIRD L39","paypal","USD","2013-11-13 00:00:00","2011-07-24 03:57:00","0"
"99","kpayne2q","69 Parkside Alley","Maryland","Kevin Payne","668567","1","764730","44089","JNE REG","BR78 3409 2343 2921 5025 0370 642Q K","kartu kredit","USD","2013-01-01 00:00:00","2014-08-28 23:31:19","0"
"100","kwilliamson2r","581 Quincy Center","New York","Kevin Williamson","165014","1","719489","25593","JNE OKE","SK35 4867 9025 3395 3842 9738","transfer","USD","2012-11-26 00:00:00","2010-02-12 22:24:01","0"
"101","lhall2s","538 Lindbergh Plaza","West Virginia","Louise Hall","592477","2","347395","39521","JNE OKE","RO45 KLWS Z0DV OMPB 1PA3 7BDM","cod","USD","2015-09-20 00:00:00","2012-02-07 08:51:43","1"
"102","jgardner2t","29 Menomonie Drive","Georgia","Jonathan Gardner","275094","4","351505","94918","JNE CTC","FR60 0055 0249 70OU FBAA N0BP K00","kartu kredit","USD","2011-12-07 00:00:00","2012-01-17 22:03:34","0"
"103","dburke2u","316 Westend Road","District of Columbia","Dorothy Burke","204866","3","395384","51764","JNE CTC","KW64 FRFM 19F7 MQN2 LRM3 IXHQ GCBV GR","kartu kredit","USD","2013-12-19 00:00:00","2013-06-22 15:53:20","1"
"104","thanson2v","843 Sunbrook Center","Kansas","Tammy Hanson","901898","3","364489","42375","JNE CTC","NL72 XXOC 6057 0314 47","kartu kredit","USD","2012-07-22 00:00:00","2014-02-27 17:23:35","1"
"105","bperry2w","3587 Pine View Park","Georgia","Benjamin Perry","915871","2","313875","94722","JNE REG","MR27 5362 8284 6534 8271 3868 884","paypal","USD","2010-01-29 00:00:00","2012-02-01 10:33:31","0"
"106","rmitchell2x","59 Fairview Drive","California","Robert Mitchell","585457","4","918600","22417","JNE OKE","AZ46 AZAM SEMY BHH0 YJHR LAWH OY5W","kartu kredit","USD","2010-07-01 00:00:00","2012-03-03 22:29:06","1"
"107","pmccoy2y","3 Northwestern Pass","California","Patricia Mccoy","109629","3","951135","64310","JNE OKE","DE80 7156 0913 8863 4846 73","transfer","USD","2014-02-07 00:00:00","2011-11-10 07:14:50","0"
"108","dmorrison2z","06 South Plaza","Illinois","Diane Morrison","671170","3","301135","62708","JNE OKE","FI68 9522 2888 5555 71","cod","USD","2011-06-14 00:00:00","2010-08-21 13:36:32","0"
"109","rbishop30","14 Upham Crossing","Michigan","Randy Bishop","404552","3","771886","78910","JNE CTC","FR66 4323 6525 33BH 5ZNM XZM7 Z60","kartu kredit","USD","2010-03-02 00:00:00","2012-10-16 22:02:14","1"
"110","aellis31","6 Delladonna Circle","Kentucky","Anna Ellis","766594","1","268858","73093","JNE CTC","MD53 SIWH EPLM 0BQP BXAI BENY","cod","USD","2015-02-05 00:00:00","2014-11-30 14:43:29","0"
"111","tlopez32","4 Montana Plaza","District of Columbia","Thomas Lopez","977521","4","348181","99320","JNE CTC","AZ14 JJYS FCBQ HFXF ERFQ MLBK YR2C","cod","USD","2015-03-31 00:00:00","2012-02-20 23:13:39","0"
"112","dperry33","5227 Morningstar Center","California","Dorothy Perry","547377","4","171357","36177","JNE CTCSPS","GR14 8578 613R ZHEE 7IZ0 KZU5 FPP","kartu kredit","USD","2011-05-17 00:00:00","2010-06-11 15:05:48","1"
"113","mporter34","554 Spaight Park","Nevada","Martin Porter","631931","1","558076","17836","JNE OKE","SM05 Z626 1797 884T LTQ8 RDYH 81J","transfer","USD","2015-04-04 00:00:00","2015-11-24 13:10:28","0"
"114","fmartin35","732 Charing Cross Terrace","Georgia","Frances Martin","686434","1","358071","94724","JNE CTC","BE68 8818 9933 0611","transfer","USD","2010-06-16 00:00:00","2010-05-05 23:23:11","0"
"115","mhunter36","39485 Oakridge Plaza","Florida","Maria Hunter","834520","3","234669","77360","JNE OKE","AD16 4364 0537 L7XS 1RPB 4YON","kartu kredit","USD","2012-03-13 00:00:00","2011-09-22 04:04:36","0"
"116","mspencer37","8 Logan Circle","California","Margaret Spencer","521544","2","438554","17252","JNE OKE","BR86 8179 0599 8442 3836 7375 817G H","debit","USD","2013-10-13 00:00:00","2013-01-13 07:59:03","1"
"117","dlawrence38","10108 Continental Crossing","District of Columbia","Doris Lawrence","890110","4","431024","91927","JNE CTCSPS","BE34 7472 1575 3499","cod","USD","2012-06-16 00:00:00","2013-09-21 03:18:17","1"
"118","jhunter39","120 Portage Parkway","North Carolina","Jessica Hunter","960959","3","503233","13091","JNE CTC","LB82 0630 0YJ1 21DK JCKN M8ZV FG9C","kartu kredit","USD","2010-03-23 00:00:00","2012-04-02 10:19:36","0"
"119","mrichardson3a","06027 Anhalt Terrace","New York","Mary Richardson","130225","2","152531","29038","JNE CTC","FR75 5787 5219 5962 E2PE ZPNR B28","kartu kredit","USD","2013-03-19 00:00:00","2015-03-20 15:30:02","0"
"120","ereyes3b","74143 Summit Street","Nevada","Ernest Reyes","894617","2","841292","88133","JNE CTC","GE81 ES56 9244 6063 3990 59","transfer","USD","2010-12-05 00:00:00","2011-03-03 17:15:09","1"
"121","rmatthews3c","818 Marquette Avenue","New York","Ruby Matthews","146271","2","396762","98600","JNE CTC","FR41 6344 7045 51BJ GFQM SP0Y T52","paypal","USD","2014-07-03 00:00:00","2015-11-21 12:06:47","0"
"122","pwoods3d","773 Elka Lane","Indiana","Peter Woods","355369","2","701828","68687","JNE CTCSPS","FR79 3408 1517 88AS IV6N I4AC I47","debit","USD","2013-11-01 00:00:00","2013-08-12 07:16:07","1"
"123","cgreen3e","36 Tomscot Road","Florida","Christina Green","141879","2","356144","64084","JNE OKE","DO20 WTA9 4795 2319 6497 7455 0773","kartu kredit","USD","2010-02-10 00:00:00","2011-11-28 14:24:34","0"
"124","edixon3f","7 Jay Point","Florida","Evelyn Dixon","330126","1","401810","81525","JNE REG","DO94 ABEC 6237 5515 4398 1725 9836","kartu kredit","USD","2015-10-24 00:00:00","2012-09-29 23:30:22","1"
"125","iross3g","65 Red Cloud Road","Colorado","Irene Ross","419650","2","189576","85341","JNE OKE","AT89 7582 8279 3651 7123","debit","USD","2013-01-29 00:00:00","2010-04-15 16:59:29","0"
"126","lcole3h","8 Londonderry Drive","Indiana","Lillian Cole","939556","4","177176","20103","JNE CTCSPS","AZ79 AOYQ GI81 UMDD EILY 56LQ 2UJU","cod","USD","2010-11-24 00:00:00","2015-04-16 03:05:55","0"
"127","pwilson3i","9980 Eastlawn Hill","Florida","Peter Wilson","364467","3","359864","41127","JNE CTC","IE79 PWOI 0894 8463 9995 88","paypal","USD","2011-05-02 00:00:00","2013-03-16 13:36:23","1"
"128","rward3j","28 Sunnyside Point","Oregon","Rachel Ward","636059","2","722653","25668","JNE CTCSPS","FR20 9277 1997 59DM CAPO PYHT 087","kartu kredit","USD","2010-04-06 00:00:00","2013-01-31 03:31:37","1"
"129","sgarcia3k","53 Crownhardt Point","Colorado","Steve Garcia","589143","2","525886","67947","JNE REG","IE04 QZVM 1406 6523 0418 21","transfer","USD","2012-11-05 00:00:00","2010-08-25 21:05:15","1"
"130","rperkins3l","5 Mcbride Hill","Texas","Richard Perkins","427228","2","861362","5318","JNE CTC","CZ12 2857 7864 9197 8792 1065","debit","USD","2014-08-13 00:00:00","2014-04-21 08:34:06","0"
"131","fhamilton3m","1 1st Parkway","Georgia","Frank Hamilton","162182","1","696685","17903","JNE REG","GL67 5245 8835 6165 88","debit","USD","2013-11-18 00:00:00","2010-06-19 21:16:33","0"
"132","rjacobs3n","2 Del Mar Alley","Louisiana","Ruth Jacobs","949023","3","905097","79984","JNE CTC","KW04 XRIC 7HRT FLS0 6AMO MKNV BPWT SR","transfer","USD","2010-06-01 00:00:00","2011-02-17 01:57:44","0"
"133","dmitchell3o","48 Melody Junction","Minnesota","Diana Mitchell","266508","1","378112","46413","JNE OKE","IS61 6168 0685 4377 8657 0945 65","kartu kredit","USD","2015-02-06 00:00:00","2012-05-24 02:34:17","0"
"134","ccarter3p","32 Manufacturers Court","Arizona","Christine Carter","443818","3","527483","18124","JNE CTC","FR72 5880 1892 65DU CYPH I6MO E66","transfer","USD","2015-07-16 00:00:00","2015-04-08 01:28:11","0"
"135","dromero3q","33 Ridgeview Drive","New York","Donald Romero","948365","1","817284","98249","JNE CTC","RO52 IZAH NQBW AOIJ QDFX FDEU","debit","USD","2013-03-19 00:00:00","2012-06-17 06:26:54","1"
"136","koliver3r","299 Nobel Drive","Pennsylvania","Kelly Oliver","849841","3","176753","93405","JNE OKE","FR30 6514 4557 308F 81LP GXRS Q49","kartu kredit","USD","2010-05-09 00:00:00","2014-06-13 23:10:54","0"
"137","awells3s","53 Hauk Avenue","Missouri","Arthur Wells","247166","3","518891","12478","JNE OKE","LU62 281A ZLSI ANSH I62O","debit","USD","2011-11-22 00:00:00","2015-02-28 20:02:27","1"
"138","lbaker3t","32987 Prairieview Circle","Alaska","Lisa Baker","989170","1","890773","30381","JNE OKE","LI10 1639 0FUR 0ETQ ZT24 F","debit","USD","2011-03-11 00:00:00","2010-08-15 07:58:45","0"
"139","trodriguez3u","67639 Buena Vista Park","Nevada","Teresa Rodriguez","684595","3","357315","44542","JNE CTC","MC32 3985 5897 24TQ GPR8 6END Z12","paypal","USD","2013-06-15 00:00:00","2012-10-29 17:19:49","1"
"140","cryan3v","8 Russell Park","Michigan","Christina Ryan","374600","2","506450","56137","JNE CTCSPS","PT65 4471 7321 9446 7490 9284 2","kartu kredit","USD","2010-01-29 00:00:00","2014-01-22 11:13:57","1"
"141","khunter3w","4048 Browning Hill","Illinois","Kathleen Hunter","860503","3","201886","41214","JNE CTC","LU23 049S QZYP IMRC N4PC","cod","USD","2011-04-18 00:00:00","2013-05-10 06:29:07","1"
"142","tcampbell3x","49800 Darwin Place","California","Tina Campbell","812510","4","987948","5843","JNE CTCSPS","PL24 7127 5136 9801 2453 4483 6351","cod","USD","2013-08-11 00:00:00","2010-01-06 23:17:32","1"
"143","rrobertson3y","66727 Scott Plaza","Texas","Robert Robertson","677996","3","480349","88614","JNE OKE","FR02 1863 5252 52VD KUG6 KMNL E54","debit","USD","2013-01-03 00:00:00","2010-01-15 08:15:42","1"
"144","whanson3z","00 Anniversary Pass","Ohio","Wanda Hanson","464218","2","830096","97476","JNE CTCSPS","IT30 Y250 8297 207D UMJP GACI MQ9","cod","USD","2014-05-16 00:00:00","2014-01-19 09:04:56","1"
"145","rramirez40","628 Melvin Park","Colorado","Rachel Ramirez","415756","4","722925","59176","JNE REG","IT98 B429 3911 423S WLN1 EOTI BVP","paypal","USD","2015-12-20 00:00:00","2015-04-22 04:46:55","1"
"146","jperry41","73880 Crowley Way","South Carolina","Johnny Perry","730809","3","746036","48932","JNE CTCSPS","IE76 MTTZ 2855 8845 7935 74","transfer","USD","2010-04-10 00:00:00","2013-10-25 18:46:00","0"
"147","hfernandez42","976 Aberg Street","Nevada","Harold Fernandez","541803","1","722551","96685","JNE CTC","FR94 8411 4495 13MH HU1L ZWJS W66","debit","USD","2013-08-10 00:00:00","2010-11-09 01:13:07","1"
"148","mevans43","0494 Valley Edge Lane","Wisconsin","Mildred Evans","938438","4","416200","53711","JNE CTCSPS","FR29 7095 1131 58KK QSCH SUT5 757","cod","USD","2012-08-11 00:00:00","2014-12-21 03:45:31","0"
"149","ebaker44","1789 Derek Point","New York","Eugene Baker","559922","3","251533","31555","JNE CTCSPS","BG09 AZTQ 2766 17GN ZAL9 FM","kartu kredit","USD","2013-11-19 00:00:00","2011-01-09 15:37:20","0"
"150","jwallace45","5723 Mayfield Lane","District of Columbia","Jean Wallace","984270","4","656475","67813","JNE CTC","FR07 7135 0947 82IQ CEHN MN4S 527","transfer","USD","2012-01-28 00:00:00","2012-12-24 17:27:22","1"
"151","scole46","26759 Springview Road","Missouri","Sarah Cole","923173","2","850471","84532","JNE OKE","GR82 7524 286I 223W UDCC JS71 CJO","transfer","USD","2011-06-15 00:00:00","2014-05-26 06:29:07","1"
"152","gpeterson47","7 Luster Place","Colorado","Gregory Peterson","884282","4","673525","88018","JNE CTCSPS","ES33 3874 4235 9706 3476 4114","paypal","USD","2012-11-15 00:00:00","2010-06-19 11:00:26","0"
"153","bford48","771 Ilene Park","Illinois","Bobby Ford","415650","2","315733","85280","JNE REG","SM05 A537 1070 786F NTEG LPE2 9HK","debit","USD","2011-05-05 00:00:00","2011-02-09 10:43:36","0"
"154","ccastillo49","3620 Swallow Park","Indiana","Carolyn Castillo","794352","3","240684","41348","JNE CTC","FR22 0581 6479 55H0 IMGN LVMS L50","paypal","USD","2010-09-09 00:00:00","2011-05-27 20:41:28","1"
"155","jthompson4a","33140 2nd Alley","Illinois","Jason Thompson","968649","4","824417","33151","JNE CTC","CH93 7889 6GP0 KWSE 0PIV P","transfer","USD","2011-01-01 00:00:00","2015-08-26 02:45:41","1"
"156","ctucker4b","1421 Darwin Place","Florida","Carlos Tucker","534926","4","267294","50385","JNE OKE","FR96 6205 6382 07PO DIDJ QBYQ J27","cod","USD","2012-03-08 00:00:00","2015-02-22 23:09:09","0"
"157","ecampbell4c","525 International Lane","Ohio","Ernest Campbell","745485","1","318196","45096","JNE CTC","LU93 519T WF5G 05HX QKNW","paypal","USD","2013-04-05 00:00:00","2014-08-01 20:32:28","0"
"158","hgutierrez4d","69838 Schurz Hill","Georgia","Henry Gutierrez","236596","4","455111","80621","JNE REG","AL49 2177 5238 WALJ JSMS PJP8 52TQ","kartu kredit","USD","2013-04-28 00:00:00","2012-12-15 11:40:55","0"
"159","mschmidt4e","971 Katie Terrace","Alabama","Martha Schmidt","349991","1","179651","93416","JNE REG","BH16 IFXL R1HB 7SRK BFAN HX","kartu kredit","USD","2011-02-20 00:00:00","2011-11-24 05:10:43","0"
"160","ghart4f","50 Mcbride Place","California","George Hart","924083","4","791200","17297","JNE CTCSPS","MC02 3016 3973 173Y IFOX TS71 D78","kartu kredit","USD","2013-07-07 00:00:00","2010-04-10 18:19:24","0"
"161","pbutler4g","09 Jenifer Alley","Virginia","Paul Butler","606081","4","205327","88447","JNE REG","NL63 LBLH 6541 5971 18","transfer","USD","2011-04-17 00:00:00","2011-06-17 07:10:40","1"
"162","rsimpson4h","250 Hayes Circle","Wisconsin","Ronald Simpson","264726","1","921919","61926","JNE CTC","CH34 2313 3URK C4U7 TBDA 4","transfer","USD","2014-06-12 00:00:00","2011-01-17 11:43:44","1"
"163","wmills4i","262 Bunker Hill Center","Ohio","Wayne Mills","878046","4","808121","91330","JNE CTC","IS09 8274 9595 1625 8483 8844 95","transfer","USD","2010-02-26 00:00:00","2014-06-17 08:22:51","1"
"164","vholmes4j","4883 Thackeray Court","Texas","Victor Holmes","328691","1","365924","75137","JNE REG","AE62 5191 1626 7486 9519 275","kartu kredit","USD","2011-08-01 00:00:00","2014-10-18 04:52:05","1"
"165","wdiaz4k","75845 Chive Crossing","California","Walter Diaz","944844","2","355849","34175","JNE CTCSPS","MC83 3808 6269 967J URNC ERCU O46","paypal","USD","2014-03-02 00:00:00","2010-03-16 12:43:45","0"
"166","rmcdonald4l","53702 Maple Wood Street","Florida","Roger Mcdonald","107000","2","689899","34445","JNE CTC","SK87 5723 4355 2262 2714 2192","transfer","USD","2013-07-19 00:00:00","2015-07-25 02:35:32","0"
"167","hevans4m","96449 Ramsey Crossing","California","Harry Evans","925380","2","219181","82354","JNE CTCSPS","IL72 5795 4958 3971 2528 286","cod","USD","2015-08-09 00:00:00","2014-11-24 18:29:43","0"
"168","blittle4n","35539 Dorton Circle","Ohio","Brian Little","410978","1","486414","73184","JNE REG","VG44 DKAC 1166 3869 2213 4357","transfer","USD","2011-10-24 00:00:00","2013-03-12 16:08:20","0"
"169","kbennett4o","96 Monica Place","Georgia","Katherine Bennett","185313","4","486296","69417","JNE REG","KZ33 5193 2WBK AV1P 9IRO","debit","USD","2014-12-17 00:00:00","2015-05-13 07:01:46","1"
"170","wmeyer4p","30 Utah Center","Alabama","Wanda Meyer","497105","2","298534","13581","JNE CTCSPS","ME24 4272 7185 5667 8431 30","cod","USD","2012-08-20 00:00:00","2013-09-15 06:39:45","0"
"171","klane4q","825 Arapahoe Street","Ohio","Karen Lane","353609","1","264695","11661","JNE REG","IL76 5895 5351 9734 8320 182","kartu kredit","USD","2010-01-22 00:00:00","2015-07-28 17:39:57","0"
"172","wmitchell4r","49559 Crowley Terrace","Florida","Wayne Mitchell","175187","2","173171","8959","JNE OKE","FR57 3956 5484 27EI UGTI WSDW P48","cod","USD","2014-04-11 00:00:00","2013-04-03 17:10:00","1"
"173","btaylor4s","64875 Morning Park","New York","Benjamin Taylor","205367","3","490734","78574","JNE OKE","KZ93 607L GYVU VUGA H7LW","transfer","USD","2013-07-04 00:00:00","2012-12-17 22:11:20","0"
"174","rgarcia4t","179 Forest Court","California","Richard Garcia","366930","3","331293","37076","JNE CTCSPS","DK60 1588 0868 7068 79","kartu kredit","USD","2011-04-10 00:00:00","2012-11-07 11:02:26","0"
"175","rfoster4u","0 Mayfield Circle","Virginia","Russell Foster","382444","3","592847","65403","JNE REG","SE38 9028 9292 7275 9690 2652","debit","USD","2015-06-08 00:00:00","2013-12-08 02:22:56","1"
"176","kellis4v","96731 Nobel Pass","New York","Katherine Ellis","198731","2","956867","24631","JNE REG","CZ44 2211 3650 0072 7220 5899","transfer","USD","2013-01-28 00:00:00","2010-01-08 13:40:18","1"
"177","jgray4w","8 Ramsey Park","Pennsylvania","James Gray","913767","1","536839","51343","JNE OKE","HU31 4870 4401 4220 1288 4272 1853","debit","USD","2015-12-01 00:00:00","2015-12-28 15:15:38","0"
"178","hwilliamson4x","7826 Eagan Place","California","Helen Williamson","507579","1","983073","78155","JNE CTCSPS","PT40 1403 1709 9085 9618 3769 5","paypal","USD","2013-07-20 00:00:00","2012-10-16 11:11:56","1"
"179","jbryant4y","212 Kinsman Road","Indiana","Julia Bryant","447812","2","790870","94503","JNE OKE","FR16 3195 9312 71R9 AGBS KHO6 924","debit","USD","2010-01-11 00:00:00","2011-06-25 07:34:05","1"
"180","lwarren4z","59531 Golf Center","California","Lori Warren","632613","3","551773","35891","JNE CTCSPS","GL30 8428 3827 0319 63","debit","USD","2011-04-05 00:00:00","2010-08-28 01:34:43","0"
"181","badams50","2 Nevada Avenue","West Virginia","Brandon Adams","485417","4","235319","8419","JNE REG","CY77 3581 5822 OFPC YAX4 VROV DOZF","debit","USD","2012-02-15 00:00:00","2010-12-31 02:50:08","0"
"182","kmontgomery51","0 Jenna Crossing","Colorado","Kathy Montgomery","400311","1","547203","45940","JNE OKE","KZ23 8550 OLNX OZ8W 3BAQ","debit","USD","2010-12-11 00:00:00","2010-12-25 23:02:07","0"
"183","agreen52","14 Hanson Park","North Carolina","Amanda Green","765394","4","313760","92265","JNE CTCSPS","FR89 4299 7207 154P YGXW AAJA S20","debit","USD","2012-11-03 00:00:00","2015-07-05 07:21:21","1"
"184","bgarza53","4 Cascade Parkway","Texas","Bobby Garza","869854","1","710589","82994","JNE CTC","IE63 LUIU 1945 4934 8033 06","debit","USD","2012-06-19 00:00:00","2015-04-24 22:33:59","1"
"185","dbrooks54","6 Orin Court","Florida","Diane Brooks","312809","4","266180","57684","JNE OKE","GR51 9120 296U GGBH JYC9 GAGM JPG","paypal","USD","2011-04-03 00:00:00","2014-03-14 06:06:15","0"
"186","mwallace55","7251 Sundown Lane","Ohio","Matthew Wallace","212429","3","606089","56666","JNE CTCSPS","DE48 1233 6574 2999 6972 76","transfer","USD","2014-07-30 00:00:00","2011-07-26 06:31:14","0"
"187","kwashington56","94353 Independence Pass","Arizona","Karen Washington","425169","1","613816","36365","JNE CTC","GR93 5615 558C WFTR I9CG C4VT VGK","debit","USD","2011-04-12 00:00:00","2015-01-17 23:03:33","0"
"188","dhunter57","2754 Melrose Pass","Utah","David Hunter","476440","4","290074","86721","JNE REG","BH22 RVYD J9TL XCUM VHRZ IT","cod","USD","2010-05-03 00:00:00","2010-11-30 06:32:11","0"
"189","kalexander58","17555 Golf View Plaza","Colorado","Karen Alexander","933677","3","488770","77540","JNE REG","BG04 AHRG 8355 55NJ KWB2 80","debit","USD","2012-09-10 00:00:00","2011-07-25 19:50:22","0"
"190","awheeler59","1890 Waxwing Point","Georgia","Ann Wheeler","973380","2","166460","36781","JNE CTCSPS","MK48 742H PZWF 4JJU T67","debit","USD","2013-01-19 00:00:00","2013-04-04 19:20:37","0"
"191","aday5a","3613 Sutteridge Alley","Maryland","Adam Day","861622","2","577663","87011","JNE CTCSPS","GI33 YVQO A4CU GYEO ELYY IOY","cod","USD","2014-01-25 00:00:00","2015-08-11 12:59:53","1"
"192","mgray5b","7 Hagan Avenue","Wyoming","Margaret Gray","284940","1","414128","39225","JNE OKE","AL39 3249 6474 PL07 LNFK QJSP UYOR","transfer","USD","2012-05-13 00:00:00","2015-11-01 09:16:00","0"
"193","ebennett5c","7346 Becker Way","New York","Eric Bennett","731167","2","327087","63620","JNE CTCSPS","FR51 6170 4456 21MO DNMF BICS G47","debit","USD","2011-12-20 00:00:00","2012-05-01 07:46:53","1"
"194","mbrooks5d","6 Northview Way","New York","Melissa Brooks","805306","4","407761","99243","JNE OKE","FR56 1025 4182 22AQ 6P8N VJUT E24","transfer","USD","2011-01-09 00:00:00","2012-09-23 04:44:45","0"
"195","dmedina5e","52661 Lake View Lane","California","Debra Medina","827822","3","593260","81916","JNE OKE","BH16 WPON LU12 ULWK 23JV 99","paypal","USD","2015-07-06 00:00:00","2013-04-28 06:54:05","0"
"196","afox5f","038 Macpherson Plaza","Ohio","Annie Fox","759911","4","762150","84818","JNE REG","MK75 717O INUE IZ3K A38","paypal","USD","2014-01-06 00:00:00","2015-09-04 07:31:35","0"
"197","jstephens5g","0889 Kensington Court","California","Joan Stephens","952453","2","816313","75446","JNE REG","LV86 VVDY NS6O MDUN 5OIJ H","transfer","USD","2013-02-09 00:00:00","2011-03-27 04:42:39","0"
"198","pchapman5h","4 Monument Court","Florida","Patrick Chapman","365946","2","741249","56350","JNE OKE","FR43 5948 0694 71ZI UEVS NAL5 G54","paypal","USD","2014-08-24 00:00:00","2012-07-04 04:33:43","1"
"199","kaustin5i","52 Maywood Street","New York","Kimberly Austin","670188","2","551307","42001","JNE OKE","SI60 6616 5352 5608 920","transfer","USD","2011-04-29 00:00:00","2012-10-15 13:23:44","1"
"200","lelliott5j","4193 Raven Crossing","Florida","Laura Elliott","998920","3","176179","27500","JNE REG","FR37 0846 2786 38GS 5MPW HJHD R56","transfer","USD","2010-03-02 00:00:00","2015-06-08 20:16:22","1"
"201","khoward5k","8979 Schurz Circle","Missouri","Kenneth Howard","456480","3","676909","86552","JNE CTC","GB88 HPNE 6999 4927 1400 60","paypal","USD","2015-10-17 00:00:00","2011-06-08 04:55:17","0"
"202","hrose5l","14902 Lyons Drive","California","Harold Rose","811733","1","993616","72183","JNE OKE","MK14 198M BCOB HERL E39","transfer","USD","2014-01-17 00:00:00","2011-08-07 03:41:45","0"
"203","dpalmer5m","20039 Grim Trail","Ohio","Dennis Palmer","392857","3","948911","98021","JNE OKE","MC15 9728 3554 869I COBT WB6B X55","transfer","USD","2013-04-25 00:00:00","2010-03-18 09:03:54","1"
"204","lschmidt5n","17682 Helena Street","California","Laura Schmidt","627182","1","324233","23613","JNE OKE","DE05 5789 9859 2802 9069 92","paypal","USD","2011-05-30 00:00:00","2014-01-15 07:25:41","1"
"205","polson5o","16365 Loomis Pass","California","Patricia Olson","234054","2","803361","99940","JNE CTCSPS","CH83 0044 6QJL SIZG BFV1 M","paypal","USD","2013-08-21 00:00:00","2012-06-08 07:41:12","0"
"206","shanson5p","6003 Coleman Point","District of Columbia","Shirley Hanson","958152","2","514124","62859","JNE OKE","MT33 VYPL 2900 9XQC O05D M2FW 4B5C LK9","kartu kredit","USD","2013-01-25 00:00:00","2012-12-11 16:14:04","1"
"207","jwallace5q","9 Eliot Terrace","California","Jack Wallace","966620","1","624854","93686","JNE CTC","MD74 TIML PAGO 2EMI XFBH T78B","kartu kredit","USD","2015-11-13 00:00:00","2012-04-15 10:54:41","0"
"208","jallen5r","8 Jackson Terrace","Michigan","Jonathan Allen","149877","4","425436","77661","JNE CTC","FR89 5884 5303 71DG NPKD EXPT D05","paypal","USD","2015-05-26 00:00:00","2014-02-10 11:48:55","0"
"209","tblack5s","2 Glacier Hill Street","California","Teresa Black","571283","1","919515","55344","JNE CTC","SM61 K571 7529 352X CC5U ODIC U6D","debit","USD","2011-08-25 00:00:00","2010-04-16 13:28:34","0"
"210","rwest5t","494 Forest Park","Minnesota","Ralph West","508398","2","979942","67665","JNE CTCSPS","KZ09 187T 7VYT NYMC 9SVJ","transfer","USD","2011-12-21 00:00:00","2013-10-14 22:00:02","0"
"211","dmurray5u","40 Autumn Leaf Parkway","Texas","Debra Murray","489688","3","539877","61617","JNE REG","IS19 7422 4146 2357 3847 0553 22","cod","USD","2013-05-25 00:00:00","2015-03-04 15:55:59","0"
"212","mbradley5v","04 Welch Circle","Arizona","Melissa Bradley","604388","3","321979","94020","JNE CTCSPS","NO02 1845 5947 989","cod","USD","2014-03-16 00:00:00","2013-02-05 16:06:59","0"
"213","dharper5w","12 Anzinger Park","California","Donald Harper","861552","1","282280","31039","JNE CTCSPS","GB86 DOCA 9392 2827 7512 78","debit","USD","2011-04-19 00:00:00","2012-03-18 19:09:07","1"
"214","kwatkins5x","72962 Maple Pass","Virginia","Kathleen Watkins","591146","2","423645","33684","JNE CTC","FR57 6406 6662 41L4 597Z 6YU4 012","paypal","USD","2014-02-22 00:00:00","2011-09-04 18:02:27","1"
"215","mcarr5y","92 Westend Alley","Texas","Martin Carr","169414","4","318591","30855","JNE CTCSPS","IT34 P800 1127 335X QRSZ LBFH JVJ","paypal","USD","2012-05-23 00:00:00","2010-12-26 20:08:50","0"
"216","lphillips5z","3 Norway Maple Plaza","California","Lisa Phillips","484248","2","347317","77794","JNE CTCSPS","DK31 5893 1309 4998 75","transfer","USD","2014-05-25 00:00:00","2011-03-19 04:37:45","1"
"217","tlynch60","4036 Loeprich Parkway","Texas","Todd Lynch","974619","1","748551","75291","JNE OKE","IL61 2215 9658 2321 9555 003","kartu kredit","USD","2014-08-08 00:00:00","2014-04-29 07:33:13","0"
"218","amcdonald61","41 Fordem Plaza","West Virginia","Amy Mcdonald","403592","2","812184","45829","JNE REG","AL39 1886 6918 HHS9 PXLY QX8C WNKV","paypal","USD","2012-09-04 00:00:00","2010-01-31 11:21:00","0"
"219","wcarroll62","602 Summer Ridge Place","Florida","Walter Carroll","390798","4","434858","22164","JNE CTCSPS","CZ39 1946 0774 0068 4724 5774","paypal","USD","2011-09-05 00:00:00","2011-08-08 04:58:17","1"
"220","shernandez63","8 Ilene Avenue","Tennessee","Sarah Hernandez","912553","2","579575","66654","JNE CTCSPS","DK87 7132 9132 1174 22","kartu kredit","USD","2015-08-09 00:00:00","2012-12-31 07:05:48","1"
"221","dpayne64","9672 Ludington Road","California","Doris Payne","610526","3","509002","52072","JNE OKE","SM50 Q543 2898 567S FVDG EKQF IIB","debit","USD","2012-06-13 00:00:00","2011-01-20 23:12:17","1"
"222","dstephens65","2 Del Mar Alley","Iowa","Denise Stephens","590029","2","701303","72405","JNE CTC","BR06 1151 6306 3718 1495 4425 426D F","debit","USD","2013-03-18 00:00:00","2015-10-29 17:12:53","1"
"223","clawson66","177 Melrose Alley","California","Carol Lawson","244689","4","734943","66963","JNE REG","BH87 VFLJ 69L9 2YAP 8HNQ RL","cod","USD","2013-05-23 00:00:00","2012-01-30 12:41:05","0"
"224","gschmidt67","1547 Upham Lane","Missouri","Gloria Schmidt","119292","4","442687","82197","JNE CTCSPS","LU34 213Z 7DJS NTNP IYKR","transfer","USD","2014-01-22 00:00:00","2013-05-03 15:56:40","0"
"225","dwilliamson68","910 Carey Lane","Kentucky","Donna Williamson","581868","1","629059","66609","JNE OKE","FR94 7756 2765 41FH JE6Z SDRK Z87","debit","USD","2012-08-18 00:00:00","2012-04-20 19:33:27","0"
"226","mpierce69","3 Jenifer Court","Georgia","Michael Pierce","785168","2","319880","5166","JNE CTC","GL41 9672 5940 9377 87","cod","USD","2014-07-28 00:00:00","2013-03-10 20:22:03","1"
"227","bhill6a","6035 Hauk Place","West Virginia","Barbara Hill","297261","4","157847","9590","JNE REG","LB76 8891 WVWM Y87P GOQ2 IL4E CPWO","cod","USD","2011-06-01 00:00:00","2012-05-02 17:03:48","1"
"228","wrussell6b","32 Summerview Way","Florida","Wanda Russell","459794","3","789610","73660","JNE REG","IS19 2760 6547 8269 3373 4152 97","paypal","USD","2013-11-27 00:00:00","2013-06-19 14:12:38","1"
"229","erichardson6c","35 Glendale Place","Texas","Ernest Richardson","851689","2","638953","39287","JNE OKE","BA53 7185 2174 4730 7327","paypal","USD","2010-10-27 00:00:00","2015-09-28 18:37:48","1"
"230","hsmith6d","4721 Hintze Parkway","California","Harry Smith","151122","1","927271","58219","JNE CTC","FR41 4303 6642 01PV GJHG R8I6 R48","debit","USD","2014-08-07 00:00:00","2010-06-18 08:43:24","1"
"231","dstone6e","21203 Delladonna Way","Kentucky","Deborah Stone","708531","4","787501","19680","JNE CTCSPS","KW65 XZNT UOAI I7Y3 PUAE MTSL OBDR U8","paypal","USD","2014-09-16 00:00:00","2011-07-06 00:20:53","0"
"232","sford6f","9191 8th Trail","West Virginia","Sarah Ford","432393","1","413569","10135","JNE CTC","CH11 5686 5WXS EBM0 HVJI U","kartu kredit","USD","2013-07-21 00:00:00","2014-09-22 16:38:19","1"
"233","pray6g","43754 North Plaza","Kentucky","Pamela Ray","382114","4","213381","46139","JNE OKE","FR46 0088 2297 44PO DDA1 PJGL B36","kartu kredit","USD","2014-08-29 00:00:00","2014-08-21 13:07:41","0"
"234","priley6h","51 Onsgard Junction","California","Paula Riley","818444","4","969726","50747","JNE CTC","RS41 8006 6277 8486 6537 36","debit","USD","2014-07-09 00:00:00","2011-02-03 03:47:16","1"
"235","cjacobs6i","23 Magdeline Trail","California","Clarence Jacobs","178420","1","195880","88639","JNE OKE","LV69 JLRY ZE4D 0NVQ SM5U 0","cod","USD","2015-04-25 00:00:00","2013-02-06 13:32:33","0"
"236","kbowman6j","719 Cherokee Park","Oklahoma","Katherine Bowman","459750","1","266926","29684","JNE CTCSPS","PS41 AUHN D8KP JT5N 88IU HGKV 6D7F R","transfer","USD","2013-05-29 00:00:00","2011-09-29 16:09:26","0"
"237","dnguyen6k","166 Northview Place","New York","Daniel Nguyen","517474","4","201222","27742","JNE OKE","HU56 2111 0285 0835 4516 2627 4908","transfer","USD","2012-09-04 00:00:00","2015-06-23 12:52:54","0"
"238","nstanley6l","52 6th Plaza","Florida","Nicholas Stanley","129830","4","294871","62980","JNE CTCSPS","IE35 GEDT 2870 4452 9218 67","debit","USD","2012-06-15 00:00:00","2012-09-28 07:35:11","1"
"239","areid6m","0328 Susan Lane","Alabama","Anne Reid","142473","3","707230","12307","JNE CTCSPS","SK33 0604 2897 8325 1572 9132","paypal","USD","2011-09-10 00:00:00","2010-05-29 02:50:29","1"
"240","ccook6n","45503 Northridge Center","Nevada","Christina Cook","412553","3","934146","95701","JNE OKE","LB02 1864 SUUK W6ET L3BM A13H HHPH","paypal","USD","2014-04-24 00:00:00","2011-06-29 13:29:21","1"
"241","wgutierrez6o","36759 Almo Court","Texas","Willie Gutierrez","614077","1","858275","9318","JNE REG","MD47 KIVS P2O6 4XUM ASCQ APVC","transfer","USD","2012-12-15 00:00:00","2011-08-10 18:19:13","1"
"242","scruz6p","69 Butternut Way","Indiana","Steven Cruz","221134","4","807576","9371","JNE CTCSPS","BA63 2605 3635 8930 6092","cod","USD","2013-10-04 00:00:00","2013-06-25 17:03:56","0"
"243","mfoster6q","9664 Manufacturers Crossing","Texas","Martha Foster","943906","1","221038","97334","JNE REG","FR22 5976 3582 3507 7P6M 7TLP 424","kartu kredit","USD","2012-05-03 00:00:00","2011-09-03 15:26:14","0"
"244","amendoza6r","4 Dottie Crossing","Michigan","Ann Mendoza","271546","1","194361","36415","JNE CTCSPS","FR06 0871 0606 22HZ UEY5 WJNI 015","debit","USD","2015-11-05 00:00:00","2015-04-08 12:23:29","0"
"245","jchapman6s","6926 Eggendart Plaza","California","Janice Chapman","739656","1","526586","96086","JNE OKE","ME59 4760 4548 1693 5167 37","kartu kredit","USD","2013-04-07 00:00:00","2010-08-24 17:10:45","0"
"246","dmartin6t","6934 Fairfield Crossing","Texas","David Martin","818404","1","904261","24960","JNE OKE","MC26 3404 7814 9950 7VJR OLCG D74","kartu kredit","USD","2015-01-05 00:00:00","2012-11-20 06:08:56","1"
"247","awelch6u","41801 Manufacturers Plaza","Florida","Amanda Welch","855451","3","317927","65914","JNE REG","FR04 5651 4242 94ZB L53A AKHR H76","transfer","USD","2013-02-02 00:00:00","2014-11-18 01:53:57","1"
"248","cgraham6v","2998 Larry Terrace","Missouri","Chris Graham","866816","3","584812","92042","JNE REG","FR41 0979 5898 185H OAJD SYKO C43","cod","USD","2012-10-05 00:00:00","2010-10-10 11:22:53","1"
"249","lreed6w","3 Lillian Crossing","California","Lisa Reed","680229","1","953640","29990","JNE OKE","MR68 2036 3568 1299 1082 1537 450","cod","USD","2013-11-21 00:00:00","2015-10-08 00:11:31","0"
"250","drussell6x","7 Dorton Drive","Maryland","Dennis Russell","804501","3","157506","36911","JNE CTCSPS","DO59 CZN7 1107 7849 3975 9234 5265","debit","USD","2011-11-18 00:00:00","2010-10-26 03:18:45","1"
